',8
authority,1
elasticity,1
a,377
i,282
y,1
shoulder,2
caress,1
slip,2
slit,1
broke,1
afternoon,3
prolific,1
behind,8
trouble,2
capable,1
earring,1
sloe,1
slow,1
imperceptible,1
aragon,2
attracted,1
shouldst,1
beautifully,1
farthing,1
tassels,1
before,14
brows,1
cried,3
eagerly,3
attempt,1
madrid,6
crime,2
tears,4
expectation,2
pleasant,3
smooth,2
century,1
louis,2
reduplicated,1
servant,1
ambitions,1
devil,1
'a,1
'i,2
ugh,1
noisily,1
belongings,1
divined,1
devils,1
shrug,1
entertaining,1
reluctant,1
recommending,1
performances,1
use,4
pulling,1
there's,1
events,2
gift,1
sisters,1
successful,1
conquer,2
momentarily,1
contempt,1
interview,2
question,2
girl,12
girt,1
robust,1
give,17
abhorred,1
leaving,2
hadn't,1
cure,6
gradually,1
v's,1
cuts,1
experiment,1
noise,1
usually,3
interrupt,2
jocularly,1
accuracy,1
frames,1
'my,1
intimate,1
mittens,1
wait,2
wake,1
walk,4
wall,2
flies,1
favor,5
augustias's,1
ah,1
am,29
an,43
as,148
at,106
want,4
salamanca,1
be,67
by,63
weasand,1
de,2
do,35
ugly,4
warm,1
warn,2
murmuring,1
buttons,2
considered,3
go,13
particle,1
jackanapes,1
he,114
i',1
if,73
in,275
is,97
it,174
wavy,1
mariquita,7
abundant,2
la,4
ways,1
me,88
my,143
no,48
satin,2
maria,51
mario,1
o',1
of,488
on,82
or,50
other,33
re,1
so,62
st,1
to,479
up,18
rapidly,1
us,12
discovered,2
we,29
marry,6
xv,2
bugles,1
essential,1
bear,2
been,28
beer,2
loved,2
lover,3
loves,1
begs,1
alarm,1
deposited,1
wholly,3
unseemly,1
picturing,1
bearers,1
bent,2
donkey,1
profoundly,1
best,7
indignation,1
unceasingly,1
dining,1
idea,3
charming,2
announced,1
vow,2
fouled,1
leaves,1
fabulous,1
overflowed,1
shoulders,2
parted,1
gossip,1
stories,1
veteran,1
sorry,1
sanctimonious,1
separated,1
attached,1
idyl,1
serafin,1
forsooth,1
ending,1
achieved,2
chair,5
catarrh,1
progressed,1
astonishment,1
correspond,1
frequently,2
protection,2
juan,17
charm,1
enjoy,1
possessed,6
long,16
look,7
palacio,1
lord,4
lose,3
loss,2
lost,5
juno,1
confidant,1
conversation,1
overtook,1
sexagenarian,1
loud,2
love,24
sweetheart,2
just,9
equal,1
glittering,1
slowly,1
outward,1
handfuls,1
remarkable,1
valdés,1
crouching,1
snow,2
geese,1
together,9
background,1
scorn,1
escape,2
spring,1
engravings,1
perceptibly,1
succor,1
radiant,2
embraced,1
superhuman,1
modesty,2
ecstasy,1
changes,2
lower,1
after,12
was,193
wax,2
way,18
dream,2
found,6
pleased,4
price,2
prick,1
wen,1
pride,1
resolve,1
fours,1
who,80
why,6
win,2
wit,1
won,2
suspicions,1
hissed,2
hisses,3
dress,9
capital,1
granddaughter,1
betook,1
young,31
solicitude,1
blushing,3
reflection,1
foolish,1
wedding,1
prize,1
studying,1
summer,1
youth,2
indispensable,1
judgments,1
stopped,3
physician's,2
consumed,1
proceeded,1
disposition,1
hierarchies,1
melancholy,1
feigning,1
thrust,1
worthy,4
resort,1
illusion,2
reply,2
glance,5
protest,3
precious,2
moment,15
supreme,1
mustache,1
dreams,2
miniature,9
mêndez,1
hangings,1
admonish,2
coals,1
soap,1
soar,1
humble,3
humbly,1
sock,1
maravedi,1
fortunately,1
sofa,1
soft,3
soil,1
previous,1
gentleman,1
some,29
song,1
gentlemen,5
soon,9
standing,3
destroy,2
child's,1
dawned,1
sort,2
braggarts,1
gleam,1
perform,2
engaged,1
soul,5
transfer,1
caused,5
forced,1
novelty,2
idyllic,1
fingers,5
visit,1
sevillian,1
dame,1
effort,1
repeat,3
assumed,2
prepare,1
dark,3
movements,3
stones,1
date,1
trifle,1
exceptional,2
hundred,12
dawn,1
gossips,1
necessitate,1
days,3
cornered,1
fancied,2
sucking,1
actress's,1
glad,1
outrageously,1
habanero,1
successive,1
those,10
related,1
relates,1
peal,1
evening,4
protested,1
petticoat,2
knives,2
imperious,1
mourners,2
prepossessing,1
costumed,1
spoiling,1
reputations,1
pepe,3
wheels,1
mocking,1
dictating,1
imagine,1
watched,2
quaffed,1
spectators,1
palace,1
talent,5
turtle,1
closing,1
reconcile,1
spat,1
shears,2
caring,1
thanks,3
esquire,1
disfigured,1
dilemma,1
appearance,6
attach,1
spluttered,1
delicious,1
exhaled,1
spot,1
shining,1
crumpled,1
veiling,1
murmur,1
vital,1
started,1
alterations,1
holiness,2
laughter,4
regarding,2
reflected,1
myself,15
minute,1
heard,7
heart,12
teeth,4
'get,1
gallant,1
scriveners,1
donned,1
velvet,1
filter,1
artistic,2
yes,2
yet,5
shaking,2
prices,1
prospect,1
business,1
stools,1
privilege,1
arguing,1
connected,1
wings,4
you,134
forming,1
sound,1
perturbation,1
thousand,2
financial,1
examined,1
played,2
combatants,1
bowels,1
avenue,1
cupid's,1
decked,1
combination,1
elegant,1
custom,1
clouded,1
wounded,1
whispered,2
pepe's,1
farmer,1
duros,1
pacts,1
onslaught,1
freely,1
guidance,1
weak,2
wear,4
durst,3
knots,1
pacing,1
known,7
knows,4
inquired,1
stamped,2
washed,3
well,21
sorrow,2
companion,3
went,15
breast,3
were,34
adored,1
breath,4
earthly,1
spouses,1
certain,11
veiled,1
lamenting,1
bending,1
reasonable,1
unless,4
bewitching,2
mediocrely,1
friends,10
preparing,1
girded,1
complain,1
inexplicable,1
girdle,1
hands,12
approach,1
bearing,2
groaned,2
fringed,1
bereave,1
visitor,1
regularly,1
broken,2
matured,2
matures,1
prided,1
withered,1
lancets,1
scandalized,1
flemish,1
tonight,1
eyelashes,1
resigned,1
testimony,1
answer,1
asunder,1
hoisted,1
gorja,3
happened,5
humiliation,1
eyesight,2
introduce,1
patron,2
racy,1
family,3
warning,1
heaved,1
heaven,6
promise,3
grasping,3
fortify,1
rage,2
platonic,1
plenty,1
rain,2
right,8
cheek,1
secretly,2
length,1
allowing,2
guardian,1
sixteenth,1
father,21
rare,2
dearly,1
chest,2
vigorously,1
tiptoes,1
witness,1
alarming,1
confident,1
anxious,2
again,10
impassioned,1
expressing,2
expression,1
behold,1
curiosity,2
expressive,3
needs,2
beads,1
snapping,1
plaiting,2
persuade,2
surging,1
doorway,1
gorged,1
photographs,1
gauze,1
crone,1
crony,1
beard,1
beast,2
sticking,1
burden,2
cross,2
creature,3
crowd,1
crown,2
church,4
señorita,1
dried,2
taste,1
oysters,1
guard,2
provoked,1
faithful,1
fashionable,1
fashionably,1
three,12
threw,6
confused,3
drink,2
intrusting,1
appetite,1
devour,1
devout,1
annually,1
goes,3
mountains,1
fighting,1
gold,3
almost,6
gone,2
mouth,4
good,32
infinity,1
marvel,1
portrait,12
smells,1
gown,1
costly,1
wrist,1
resolved,2
walked,5
write,2
dessert,1
appears,1
private,4
drooped,1
vague,1
inspiration,1
earned,1
hiding,4
waiting,2
appealing,1
direction,1
notice,3
address,1
sweetly,1
support,1
suppose,3
marriage,3
mother,8
proportions,1
blamed,1
miracles,1
reputation,1
space,1
completely,2
distress,1
gathering,2
remembering,1
intimidation,1
lawsuit,1
melon,1
flood,2
floor,1
humility,1
blushingly,1
sense,1
spain,3
hearers,1
enameled,1
trembled,1
dead,7
deal,2
dear,6
remained,6
spare,2
indulgent,1
deed,1
deep,4
carnation,1
howbeit,1
armpits,1
resident,1
draught,1
seventy,2
troubled,1
troubles,1
nightfall,1
repeatedly,1
black,7
slight,2
dictated,1
happy,1
courage,2
carelessness,2
blame,2
better,6
penmen,1
stammering,1
clotilde,31
moved,2
moves,1
posture,2
excellence,1
excellency,1
contract,1
haughty,3
even,16
ever,11
successively,1
bounds,2
evil,1
sewing,1
advised,1
rejoiced,2
smudging,1
crossed,2
light,4
contrary,2
mourning,1
field,1
offense,1
morning,10
grumbling,1
ceased,2
idealism,1
reached,4
honor,2
engagement,1
unhappy,2
none,1
pity,1
nook,1
listened,1
listener,2
what,34
spirits,1
fainting,1
stepping,1
eating,1
nose,3
attitudes,1
when,50
consolation,1
yield,1
whip,1
lute,1
stay,1
committed,1
whom,11
step,2
graceful,3
applaud,1
addressing,1
pathetic,1
motion,1
instance,1
intellect,1
cherished,2
sometimes,5
possess,1
motive,1
bachelor,2
hurled,2
impression,1
mayor,19
medical,3
patience,1
rumor,1
vertebrae,1
christ,1
impressive,1
heels,1
precisely,1
impatience,1
sugar,1
unrecognized,1
pleasing,1
border,2
assured,1
feelings,1
serene,1
shearer,1
devotions,1
stretched,2
keep,6
blue,2
knowing,3
keeper,2
alluring,1
pulpete,6
proof,1
kept,6
proud,1
stammered,2
erect,1
gouty,1
arabian,3
phrased,1
phrases,2
heading,1
otherwise,2
surprising,1
result,2
realistically,1
whenever,1
entrance,1
garret,1
conjectured,1
fifty,8
pregnant,1
proclaimed,1
sides,3
amusement,1
wide,4
snatch,1
incarnate,1
beasts,1
wild,2
will,41
wilt,1
jousters,1
such,41
wine,3
lawyers,1
pardoned,1
saliva,1
wise,3
wish,4
unmerited,1
suit,1
with,170
gesture,2
miserable,1
trussed,1
compared,1
slipping,2
sympathetic,1
contact,1
face,12
fact,9
matters,1
observation,1
animated,2
intention,1
celebrated,1
fair,6
towards,8
solace,1
alike,2
fall,1
poets,1
embroidered,4
fame,1
fans,1
verily,1
farm,1
complete,3
that's,1
fate,2
carmelite,1
slender,2
alive,2
physician,4
dallier,1
representing,1
during,1
vanquished,1
slavery,2
generous,1
inocencio's,6
gray,1
guadix,1
devised,1
warrant,2
read,6
real,1
inform,1
venerable,1
arabian's,1
grow,2
heroism,1
pretty,8
relations,1
rein,1
hoped,2
simple,1
rely,1
notwithstanding,2
madness,1
child,7
others',1
rest,2
subject,1
talked,2
talker,1
habitually,1
chestnut,1
bathed,1
ascendency,1
astonished,2
admirable,1
admirably,1
instantly,1
guitar,1
portly,1
combed,1
divorced,1
upon,35
fragment,1
remain,5
entire,1
adjusted,1
remark,1
overcome,1
figure,1
endanger,1
according,3
friend's,1
produce,1
desirous,2
thundering,1
ebony,1
emphasizing,1
indescribably,1
ground,9
injuring,1
made,17
roland,1
aside,5
curing,1
senses,1
critical,3
maid,7
make,13
indifferent,2
male,1
anxiously,3
mane,1
many,8
guest,1
softly,2
envious,1
regarded,3
drunkard,1
mass,1
pressed,2
patrimony,1
appear,3
stereoscope,1
confidence,1
presence,1
matter,8
eyed,1
eyes,34
doubtless,1
suitable,1
play,23
precociously,1
nature,2
arrived,4
sitting,3
often,5
course,2
having,3
fetch,1
presents,2
books,2
unfledged,1
paint,1
anybody,1
created,1
year,3
become,5
annoyed,2
taller,2
aunt's,4
boots,1
whatever,3
confess,1
becoming,1
fellow,5
frame,3
district,2
carpet,1
castigation,1
christian,1
beauty,9
theirs,1
halting,1
coils,1
maidens,5
midst,2
friendly,1
renounce,1
speak,4
lovely,3
mention,2
performed,1
received,7
design,1
voice,5
feminine,1
gazed,1
gestures,2
several,2
stranger,1
referred,2
glances,2
serve,1
repeated,2
morrow,1
carried,2
carries,1
spend,2
severer,1
spent,1
understand,5
delighted,2
machinery,1
desire,2
disconcert,1
defense,1
fully,2
entangled,1
died,1
disappear,1
tells,2
dressing,7
beating,2
listening,1
body,3
burial,1
stature,1
sprouting,1
dint,1
bestows,1
drawers,3
bold,1
enveloped,2
entrancing,1
bone,1
bore,1
born,4
dispense,1
contented,1
discourse,1
disclose,1
both,7
boys,2
utterly,1
humoredly,1
followed,5
husband,5
covered,3
signified,1
calls,1
enormous,2
tact,1
sooner,1
offered,4
latter,5
rosary,1
into,26
take,22
talk,3
tall,2
ecstatically,1
noted,1
famous,1
enter,1
task,1
instead,2
tommyrot,1
fifteen,1
unchangeable,1
horse,1
winning,1
entry,2
majority,1
vanity,2
sight,6
frequency,1
medicine,2
signs,1
sallow,1
urge,1
pettish,1
defeated,1
invite,1
dejectedly,1
amusing,1
treasure,1
infinitive,1
brilliants,1
sighing,1
clasps,1
dodge,1
began,10
allay,1
stretch,1
horned,1
disquietude,1
scolding,1
resplendency,1
sicily,1
richly,1
begin,1
where,12
divan,1
toledo,4
swear,3
yielded,1
sweet,2
allow,1
abstractedly,1
shakings,1
series,1
collars,1
witchcraft,1
orders,1
begun,1
swaddling,1
swept,1
asked,7
discreetly,1
gleaming,1
consented,1
wives,2
ballads,1
commoners,1
turquoise,1
veneno's,1
onsets,1
kind,1
kiss,3
clinked,1
damned,1
presume,1
hampered,1
existence,1
helped,1
wrote,1
whimsicality,1
yourselves,1
admirers,1
damsels,1
hooded,1
genius,2
coffin,1
can't,1
slipped,1
desperately,1
everyone,2
jacket,1
drawer,5
mercy,1
used,5
history,1
mortal,1
whether,6
rounded,1
acted,2
lively,1
flung,2
beside,2
recalling,1
merry,2
flush,1
angel,1
anger,3
actor,2
triumph,2
fear,4
exquisite,1
mirror,3
affected,1
unbearable,1
inches,2
feed,1
feel,2
feet,4
formal,1
point,7
apart,1
effects,1
formed,2
honorable,1
content,4
futile,1
fell,6
felt,11
angry,2
wrapped,1
wrapper,3
glory,3
solely,1
polished,1
regained,1
publicly,1
altered,1
though,8
havoc,1
despair,2
wrists,1
assistance,1
absence,1
cudgeler,1
embroider,1
particular,1
counsel,1
rewrite,1
however,6
undressed,1
suffering,1
coveted,1
returned,6
continue,2
rich,2
canst,1
limbs,1
scarlet,1
poet,10
limit,1
countries,1
clasp,1
class,1
ring,1
bitterness,1
ripe,1
hotly,1
mentioned,2
rise,1
risk,1
poor,7
predicted,1
ejected,1
slouched,1
port,1
conviction,1
youngest,2
moments,1
might,6
colonial,1
exactly,1
écarté,1
fragrance,1
delight,1
absolute,1
threshold,1
braves,1
excuse,2
color,4
moving,2
wonder,1
somnolence,1
provinces,1
evidently,1
unwary,1
released,1
being,6
penetrate,1
speaks,1
mean,3
meat,2
mythological,1
scissors,2
emotion,2
figures,1
closed,1
closer,1
meet,4
brow,2
aware,1
burghers,1
nickname,2
should,16
wimpled,1
counted,1
mere,3
merely,3
interest,3
crowned,1
appointment,1
obliged,1
mohammed,1
swallow,1
begged,2
roguishly,1
country,2
lounging,1
everything,6
comfort,1
linen,3
lines,3
suitors,1
pearl,1
fledgling,1
confide,1
relieved,1
trying,2
flowers,5
spoken,2
lingered,2
bosom,1
birthplace,1
succeed,2
hours,1
house,13
setting,2
stockings,1
idolizes,1
ulysses,1
comes,1
eugenio,1
christmas,1
handkerchief,1
satisfied,2
success,2
fresh,2
bethink,2
able,3
wont,1
wool,1
clearly,1
waist,4
word,3
wore,3
work,17
sentiments,1
loving,1
disclosed,1
manuscript,7
signatures,1
hack,1
haft,1
spill,1
swiftly,1
spine,1
hair,42
helen,1
pocket,3
half,8
hall,1
thoughts,5
mysterious,2
hand,26
tepid,1
spite,1
fluent,1
audience,5
hard,1
hast,2
bargain,3
hath,2
alone,7
along,1
have,70
firmly,1
flower,2
thought,5
drawing,6
silent,7
wished,1
wishes,3
managed,2
manager,2
cropped,1
occurrence,1
talking,1
anyone,4
cloistered,1
unusually,1
period,1
school,1
blind,5
greatest,2
oaths,1
happening,1
bliss,1
latter's,1
prints,2
iron,1
flourishes,2
infuse,1
creatures,1
tell,13
brazier,2
tend,1
extremity,1
temples,3
finger's,1
looked,9
place,4
scraping,1
devouring,1
coughing,2
juan's,1
neckerchief,1
thence,5
grieve,1
abashed,1
captivating,1
straight,3
clotilde's,5
waistcoat,1
plate,1
meandered,1
carmine,1
plays,3
ornament,1
represented,1
perfumed,1
submissive,1
plastered,1
bashfulness,2
housekeeper,2
acts,1
which,98
throughout,2
insignificant,1
reality,1
original,1
manifestations,1
opposite,1
while,19
sunday,1
exterior,1
besought,2
escort,1
conquering,2
window,3
blessed,1
ivory,2
white,12
lashes,1
confirmed,1
horror,1
criticized,1
swift,1
conditions,1
nothing,13
respectable,1
fingered,1
horrible,1
horribly,1
crowds,1
showed,2
bellies,1
fortnight,1
deserving,1
resources,1
proposal,2
reproached,1
crowns,1
footsteps,1
purpose,2
shifters,1
around,2
under,15
termination,1
excepting,2
itself,3
final,1
explain,2
james,1
sported,1
foaming,1
friend,15
admiring,1
bound,2
attitude,2
unsheathed,1
mystification,1
privileges,1
broidering,1
it's,2
rendered,2
expect,1
imaginable,1
believing,1
silky,1
resembled,1
silly,1
supernatural,1
rebuff,1
grace,5
whispering,1
living,7
intercession,1
christianlike,1
burying,1
grant,1
seville,2
distressed,1
coming,2
movement,2
scared,1
horses,1
convinced,3
picked,2
appreciates,1
grave,4
either,4
does,3
surrendered,1
terms,3
declared,4
find,5
fine,1
buds,1
below,1
corner,4
fire,2
firm,2
doting,1
fist,1
corrected,1
done,3
door,6
super,1
five,9
bulk,1
bull,1
'tis,2
dost,5
doth,2
author,10
down,18
communicated,1
recognized,1
knee,1
knew,2
secondly,1
fatigue,1
herself,30
hairless,1
perplexity,1
neighbors,2
shaving,1
know,19
warrior,1
overwhelmed,1
clean,4
clear,1
delicacy,1
mystery,1
heiress,1
vain,2
cleft,1
warded,1
damsel,2
carry,1
roars,1
communicate,1
vast,1
paper,2
appeared,5
beshrew,1
scratch,1
pedro,1
beseeching,1
delicate,1
olive,1
sandalwood,1
respect,1
decidedly,1
perceiving,3
small,4
concerns,1
fascinating,2
recommended,1
powdered,1
published,1
gatusa,1
lamented,1
reserve,1
herdsman's,1
beginning,4
nevertheless,3
walls,1
mayor's,2
presumed,1
calming,1
garments,1
continually,1
palomo,6
niece,1
certainly,2
betrothed,1
lying,2
certainty,1
maria's,5
somewhat,6
opinion,1
inocencio,13
taffeta,1
speech,1
evidence,1
annoyance,1
concluded,1
aren't,1
walking,1
advanced,1
reception,1
mien,3
passage,2
molded,2
drugs,1
pulchritude,1
amounted,1
milk,1
amendment,1
mind,5
mine,2
colored,2
innocent,1
cases,1
insect,1
merino,1
pushed,1
smiled,4
smiles,1
than,44
that,260
unfit,1
thee,12
them,35
then,31
they,47
assent,1
doña,2
alarcón,1
thin,1
this,73
thirteen,1
thou,15
preparations,1
beloved,4
stanchly,1
death,2
endeavored,1
thus,8
illustrious,2
slightest,1
museum,1
flounced,1
flounces,1
prudence,1
suddenly,3
since,14
blindness,1
frightened,1
afar,1
begotten,1
slightly,2
one's,5
attraction,1
braided,2
staff,1
stage,2
attractive,1
heavens,1
grandmothers,1
despicable,1
miniatures,1
stand,3
stepped,2
head,35
heap,1
hear,2
fixedly,1
state,2
obligation,1
heel,1
lacks,1
heir,1
charles,1
consideration,1
held,5
hell,1
help,2
touching,1
cushions,1
pretend,1
verses,1
cutler,6
promised,1
herd,1
here,10
hers,2
courtesies,1
trail,1
train,3
observed,5
painter,1
surer,1
spared,1
delivery,1
defunct,1
ironically,1
retiro,2
natural,2
odor,1
silence,9
catch,1
established,1
challenge,1
diminutive,2
tremendously,1
scored,1
graciously,1
observant,1
tied,2
act,8
constantly,1
road,1
lifted,1
added,3
robe,5
wealth,1
age,7
ago,2
rode,1
ignorant,1
aim,1
air,3
till,2
time,29
all,68
reminiscences,1
and,630
ant,1
any,23
chronic,1
boxes,1
illuminated,2
tire,1
knotty,1
beneath,5
are,31
arm,12
art,5
sobbed,1
befitting,1
room,19
root,1
ask,9
ate,1
pull,4
bindings,1
rosa,1
rose,6
awe,1
tearful,1
skies,1
rows,1
pure,2
parts,2
tankard,1
happens,2
foreign,1
café,1
subdue,1
cake,1
sauterne,1
call,11
calm,3
skirt,2
came,14
moaning,1
cane,2
papers,2
exclamation,1
cape,1
card,1
care,4
case,2
cast,2
breeches,2
bristles,1
maid's,1
night,7
breadth,1
receiving,1
innumerable,1
intestines,1
victor,1
flag,1
flat,1
circles,1
seductive,1
flee,2
inherited,1
display,2
neatness,1
annoy,1
drew,5
corners,1
income,1
artists,1
flow,1
speaking,5
ayala,2
cursed,1
faultlessly,1
severe,1
tongue,3
pleasure,5
condition,7
peasant,1
terror,1
milder,1
señor,1
ignorance,1
interpretation,1
hand's,1
necessary,3
insolent,2
prison,1
cemetery,1
bad,6
bag,2
bah,1
breathing,1
zealously,1
event,1
bed,2
beg,2
forceful,1
covetousness,1
cause,3
contributed,1
straightway,1
every,16
bid,2
big,5
bit,3
river,1
veins,1
although,4
lithe,1
maiden,5
bow,2
box,1
boy,11
confidential,1
bud,1
but,74
conduct,1
choked,1
first,20
something,9
francisco,1
provocatives,1
ourselves,1
sarmiento,1
utrera,1
great,17
downcast,1
your,29
costume,1
green,2
greet,1
addressed,2
addresses,1
costs,1
agility,1
commit,1
participle,1
faces,3
father's,2
kicking,1
moor's,1
spoke,6
forehead,1
backed,1
finished,1
patroness,3
sport,1
sharpened,1
sunbeam,1
distant,1
rummaging,1
facts,3
jaws,1
woman,24
ponder,1
women,8
divert,1
suggestions,1
pulled,1
chance,1
conceal,1
earlier,1
change,5
kerchief,1
turning,8
escaped,1
answering,1
robbing,1
beggars,1
managers,2
bursts,1
blood,10
don't,12
strictly,1
promptly,2
locks,4
retorted,1
himself,20
can,14
cat,1
inevitable,1
rising,2
smoothed,1
difference,1
somebody,1
hurried,1
union,1
calf's,1
very,20
unite,1
won't,1
maintaining,1
wanted,2
paths,1
cut,4
trembling,2
measured,1
singular,1
acceptable,1
calamity,1
weighed,1
conclude,2
battle,1
dimmed,1
withdraw,4
little,31
hypocritically,1
faded,1
stirring,1
belonged,3
sneezes,1
situation,1
seized,4
whole,7
unvarnished,1
splendid,1
giving,4
customary,1
library,3
flattering,2
kingdoms,1
seriously,3
disgust,2
whose,3
fearing,1
upwards,1
student's,1
saintly,1
produced,6
antique,1
multiplying,1
astrosa,1
music,2
glasses,1
sword,5
swore,2
always,12
halfway,1
exact,1
female,2
sought,2
ancient,1
eternal,1
affable,1
petticoats,1
contracted,2
replace,1
patiently,3
directed,1
shall,11
day,29
rehearsals,2
sweets,2
build,1
justice,1
tamayo,1
questioned,1
sharp,1
directly,1
ayala's,1
albeit,1
did,16
die,6
lived,1
director,4
shave,2
assist,1
liver,1
lives,1
shawl,2
nervous,1
livid,1
disdainful,1
wreath,2
don,16
worships,1
affectionate,1
dry,1
due,1
ought,2
whilst,2
forgotten,1
gutierrez,1
bright,3
hurriedly,1
pause,1
weeks,1
master's,1
motionless,1
nodding,1
charging,1
ribbon,1
protuberance,2
streamed,2
dragging,1
street,6
parents,1
cough,2
agree,2
tomorrow,1
steel,1
could,26
complexion,1
artfully,1
shrank,1
afterwards,3
sighed,1
temper,2
mufflers,1
contemplation,2
consoled,1
steps,3
follies,1
emerging,1
arena,1
hide,1
immediately,4
hied,1
high,3
passed,7
already,9
never,15
hilt,2
sunken,1
trees,2
raise,2
convulsed,1
duel,2
hips,2
rejected,1
believe,3
flaccid,1
hire,1
fond,1
fool,2
foot,2
proposition,1
dull,3
features,2
form,2
stupor,1
anyway,1
mutes,2
four,7
marquis,1
castile,2
dispose,2
sundays,1
casting,2
kindness,1
throwing,2
manifested,2
earnest,1
observations,1
recommend,1
spitting,1
years',1
tonsuring,1
ear,4
eat,3
degree,1
tracing,1
feints,1
onion,1
vagaries,1
rogue,1
gazing,1
dared,1
dares,1
end,7
provincial,1
industrious,1
sarcastically,1
loosen,1
eve,1
gentle,1
gently,1
unwontedly,1
doubtful,1
eye,2
joseph,1
sunlight,1
daughters,1
prevailing,1
orphanage,1
exposed,2
muffled,3
akin,1
dexterous,1
description,2
piercing,1
times,11
surmise,2
doublet,1
cleanliness,1
twilight,1
consequently,1
irremediably,1
censures,1
distance,2
jerónimo,12
brightness,1
remove,1
thoroughly,1
porcelain,1
pastry,1
cheeks,3
mock,1
laughed,1
included,1
acting,1
action,2
subtilely,1
perceive,3
theater,8
dashes,1
feigned,1
mood,1
moor,5
across,3
human,2
fugitive,1
more,45
most,16
noticing,1
move,1
taking,3
contained,1
fan,1
far,3
eldest,1
cordiality,1
'bravo,1
discomposed,1
few,8
benefit,1
fig,1
lofty,1
really,4
versification,2
fly,1
saints,2
for,155
gifted,1
fro,1
interviews,1
amber,1
fun,1
lambskin,1
eleven,2
exclaimed,4
about,21
inwardly,1
above,5
influence,2
quality,2
tormented,1
relying,1
adopting,1
refused,2
front,5
spouse,1
landlady,1
venetian,1
shorter,1
soldier,1
looking,7
grief,2
applause,1
waste,1
affliction,1
also,9
scenes,5
dimple,2
mechanically,1
grilo,1
property,2
favorable,2
favorably,1
exciting,1
adolescence,1
involuntarily,1
understood,1
greenrooms,1
extraordinary,1
scents,1
jest,1
tints,1
composition,1
lethargy,1
braid,1
brain,1
nonsense,2
future,3
inspiring,1
brave,2
clothes,4
pillow,2
charms,1
person,12
indiscreet,1
attained,1
hunch,1
view,3
memorial,1
threatened,1
akimbo,1
folded,2
bulky,1
gee,2
bulls,1
get,6
calderon,1
vine,1
rude,1
leading,2
performance,2
curtains,2
told,9
tone,4
sudden,2
took,15
trifling,1
god,6
got,1
torn,1
gum,1
town,4
foliage,2
1852,1
treaty,1
each,11
smile,11
thread,1
committing,1
watch,1
assuming,1
water,4
thereupon,2
presented,3
brightened,1
exercised,1
ears,3
ease,2
easy,3
manner,4
unwittingly,1
forgive,1
balbeja,9
phrase,1
smoothing,1
free,7
breathed,1
corridor,1
encountered,2
trifles,1
unconscious,2
besides,1
from,60
words,4
forward,1
mother's,3
countryman,1
armando,1
candor,1
against,5
clipping,2
works,2
world,12
creaking,1
worry,1
worse,2
expressed,2
waited,1
worth,3
oliver,1
exposing,1
circulated,1
shear,1
footstool,1
lowered,4
kissing,2
anything,5
sheer,1
chaste,2
lightning,1
compromise,1
had,85
has,8
hat,2
bitterly,1
hem,1
her,303
hid,2
estebanez,1
him,57
his,156
hit,1
fixed,3
hot,2
how,16
deity,1
warmth,2
compelled,1
enough,3
hue,1
superlative,1
accomplished,1
shearing,1
maravedis,12
boiling,1
brought,5
relate,2
conspicuous,1
ecija,1
chin,3
girls,4
strike,1
reach,1
stiff,1
ready,1
everybody,2
experienced,1
dagger,1
lace,2
lack,6
anna,1
lady,12
still,5
ante,1
caressing,1
lamb,1
fashioned,1
hills,1
wiping,1
lash,2
last,25
acknowledged,1
parsonage,1
trial,1
faint,2
alarmed,1
tried,4
amazed,1
master,14
insoluble,1
familiar,1
awaiting,1
olympian,1
hastened,1
receive,2
increased,3
despoil,1
witnessed,1
witnesses,1
holding,3
tresses,6
readers,2
overpowered,1
cloak,10
wandering,1
bettering,1
intrusted,1
coolness,1
distinguished,3
ill,2
ink,1
cuarto,1
blemish,1
close,2
cloth,2
things,5
cloud,1
its,11
paints,1
genuine,2
greatly,4
curtain,4
echo,1
peevishly,1
conception,1
undergoing,1
importance,1
probably,2
judge,1
coiffure,1
saying,7
gathered,3
jarama,1
city,3
declaimings,1
range,1
delicately,1
neighbor,2
apple,1
unable,1
upstairs,1
safe,1
lasted,3
entered,7
said,37
punishment,1
summers,1
called,7
sake,1
nights,1
same,15
sang,1
sank,1
omen,1
awoke,1
sash,4
longed,2
longer,4
save,3
account,1
forcible,1
forcibly,1
resplendent,1
visitors,4
magnificent,1
dazzling,1
traz,1
table,1
twelve,2
drowned,2
triz,1
writing,1
displaying,1
accept,4
dangerous,1
artifices,1
irretrievably,1
joy,4
true,3
usual,3
humiliated,1
suspicion,1
actress,7
chosen,1
succeeded,2
worthier,1
markets,1
curious,2
discomposure,1
ducat,1
shouting,1
prayers,1
government,1
gracious,1
countenance,2
brained,2
square,2
signal,1
lolling,1
afraid,3
brusque,1
clatter,1
tired,1
doubt,3
learn,1
caressingly,2
gracia,1
least,1
arrayed,1
conclusion,1
forefathers,1
expedient,1
amidst,2
leave,8
considering,1
unusual,1
bread,2
break,2
hold,3
home,8
modestly,1
feeling,8
hood,4
hope,4
recovered,1
full,8
hose,1
calmed,1
hour,5
witchery,1
cloisters,1
youths,1
breakfast,1
fury,1
once,6
prospered,1
memory,1
ones,1
calmly,1
would,72
saint,5
wound,1
only,21
dropped,1
repeating,1
females,1
operating,1
following,6
tranquilly,1
tenderly,1
basket,1
growled,1
delay,1
valiant,1
affairs,1
verge,1
tissue,1
celestial,1
terrible,2
sleepless,1
coarse,1
verse,1
boldly,1
pregnancy,1
daylight,2
authors,4
disappeared,1
marvelous,1
prodigal,1
shriveled,1
ridiculous,2
consent,2
opportune,1
toiled,1
toilet,1
bedroom,2
early,2
thinking,1
softness,1
sufficed,3
quickly,4
lanas,6
administration,1
through,14
fluttering,1
lance,1
knave,1
doves,1
rapid,1
garters,1
meaning,1
thyself,4
sinned,1
footman,1
false,2
cigar,5
letters,1
compact,1
murmurs,1
occupy,2
segovia,1
angels,1
company,2
much,14
disdainfully,1
jaunty,1
mugs,1
brilliant,3
order,8
nerves,1
actors,3
tugging,1
diaphanous,1
caught,2
killed,1
muse,1
must,11
mute,1
replied,18
lad,2
law,1
lay,3
raised,2
twenty,5
mannered,1
reared,1
exist,1
adroit,1
led,2
let,17
yellow,1
zafra,1
hungry,1
shirt,2
honest,3
resolutely,1
stooping,2
pensive,1
lie,1
swaying,1
recover,1
compliment,1
satisfying,1
hussy,1
enigmatic,1
behaved,1
united,2
unites,1
lot,3
low,1
adopt,1
adore,1
permission,1
augustias,9
claw,1
rosebud,3
public,6
given,2
arce,1
confusion,1
avail,2
failure,2
ideal,1
ideas,2
archaic,1
arms,11
club,1
left,7
legs,1
terrifying,1
famed,1
groom,1
flying,1
title,1
nausea,1
conglomeration,1
halter,1
heartily,1
less,8
crimson,2
group,3
grown,2
grows,2
wristbands,1
courtship,1
dowry,1
displeased,1
romantic,1
lozenges,2
powerful,1
years,18
productions,1
scene,6
scent,2
open,7
speculators,1
opened,4
behave,1
skilful,2
return,3
lovelier,1
painting,1
crack,2
openly,1
possession,2
furthermore,1
sixteen,1
reading,1
crystal,1
ladies,2
sister,1
hinder,1
embracing,1
voluptuous,1
levity,1
tablespoonfuls,1
electrified,1
described,1
imprint,1
regard,2
heightened,1
man,37
mar,1
seated,1
may,11
coated,2
actions,2
rooms,1
perturbations,1
finally,5
men,6
met,6
answered,4
lovable,1
purgatory,1
burst,2
sheathed,2
forgetfulness,2
mayoress,16
reason,6
turn,4
ornamented,1
making,6
raising,2
important,3
mansion,1
venture,4
wondered,2
gain,3
apparently,1
unfrequented,1
smoke,1
admiration,3
companions,1
retreated,1
thirty,2
please,8
skull,1
garb,2
instinct,1
remember,3
amiss,1
wife's,1
gave,11
capricious,1
gaze,3
exceedingly,1
ruined,3
touched,1
touches,1
absolutely,2
rejoicing,1
'there,1
knitted,1
languishing,2
virgin,1
fancy,1
covering,2
picture,2
halidom,1
winter,1
gladly,1
turkish,1
seat,4
neither,4
crying,2
seek,1
seem,1
seen,10
smiling,4
mingalarios,1
silver,2
invited,1
self,2
overtaken,1
send,3
sent,1
flare,1
obscurely,1
accepted,4
effect,5
perceived,1
speaker,1
enticing,1
cunning,1
themselves,3
fireside,1
daughter,11
lining,1
folds,2
ropes,1
student,3
ashamed,1
possible,4
possibly,1
affair,2
habit,1
additional,1
manners,1
laughing,2
seeing,3
until,9
nay,2
impossible,2
stamping,1
opening,4
second,4
new,4
veneno,3
entering,3
namely,1
mariquita's,1
rather,12
crawling,1
examine,2
nor,12
not,119
now,35
theft,1
pearls,1
their,32
indeed,1
depths,2
nun,1
theme,1
parley,1
cataracts,1
there,49
sleeve,1
noticed,1
these,8
confessors,1
amicable,1
today,7
praying,1
parlor,1
keeping,3
strode,1
stroked,1
scandal,1
stock,1
doubts,1
noble,2
strong,2
worked,1
name,6
garcia,2
stone,1
hardly,2
stood,4
stool,1
stoop,2
nape,2
valorous,1
store,1
story,4
aroma,1
suffered,2
frenzied,1
people,4
queen,3
nightshirt,1
halves,1
estate,2
arose,1
anatomy,1
revision,1
profanation,2
adornments,1
audacity,2
makes,1
rewarded,1
bring,3
destiny,1
troth,1
organ,1
sprang,1
arguments,1
braiding,1
compacts,1
asthmatic,1
andalusian,1
marvelously,3
hartzenbusch,1
bandages,1
finance,1
strange,2
decided,2
tender,3
odd,1
ribbons,1
didst,2
off,12
indifference,3
suffer,3
loose,2
necked,1
tagus,1
tidied,1
old,18
ermine,1
one,59
tavern,4
orphans,1
sensibly,1
depth,1
our,18
out,36
widow,2
eyelids,2
own,6
carefully,2
coal,1
literature,1
skillful,1
crushed,1
telling,2
married,5
cold,4
knees,2
comb,1
come,10
copy,1
actable,4
prevailed,1
distractions,1
cost,3
aunt,10
turkey,2
pulse,2
dozen,3
large,3
imagined,1
stipulate,1
image,1
conscience,1
supple,1
supply,1
pronounced,1
confided,1
murder,2
higher,2
assayed,1
worthless,1
unexceptionable,1
linked,1
praised,1
praises,1
opportunely,1
especially,1
another,20
slash,1
laurels,1
mantilla,2
slave,1
pay,2
insult,1
occasion,7
finely,1
calling,1
disobeyed,1
restrain,1
pin,1
protector,1
assure,1
resolution,1
relics,1
nearer,1
enlighten,2
condor,1
putting,2
prefer,1
jesus,1
pledge,1
put,8
peculiar,1
abyss,1
marked,1
shapely,1
nobler,1
nobles,1
materials,1
ended,2
outcome,2
moonshine,1
modern,1
profound,1
liar,1
modest,4
undeniable,1
judgment,1
health,2
faintness,1
life,8
yourself,6
reins,1
like,33
rôle,3
theaters,2
lily,1
john,1
screen,1
stampings,1
lion,1
lips,10
huge,2
anxiety,3
live,5
hung,3
birth,2
dictatorial,1
seamstress,1
wrinkled,1
wrinkles,1
proper,1
means,2
heaven's,1
beheld,1
stairs,2
shod,1
shoe,3
shop,2
shot,1
show,2
exultingly,1
bullets,1
henceforth,1
shut,1
cream,1
parentheses,1
affects,1
disease,1
secret,3
similar,2
wrench,1
puritanism,1
crest,1
vexed,1
conewise,1
filled,3
deigned,3
acquired,2
doesn't,1
welcome,2
plainly,3
cloaks,1
man's,3
commissioned,1
driven,1
meanwhile,3
fainted,1
going,8
greedier,1
indulged,1
subtle,1
episode,1
threatening,1
exasperated,1
throat,3
present,6
plump,1
away,3
failed,1
between,7
middle,2
entreaties,1
strap,1
courteous,1
combing,2
captain,11
offer,3
realizing,1
number,2
southern,1
steadily,1
became,8
affection,1
tumbled,1
verdict,3
playful,1
arrow,1
fanciful,1
tiring,2
revealed,3
chocolate,1
sick,1
side,5
sigh,1
sign,1
articulate,1
children,4
actual,1
silk,2
imprisoned,1
special,3
sing,2
sins,3
cannot,4
crafty,1
flesh,5
manly,1
troubadour,1
happiness,4
needful,1
pertinacious,1
calmness,1
effigy,1
studied,1
studies,1
size,1
disheveled,2
advice,3
consider,1
seemed,12
reverse,1
back,14
poured,1
shoes,2
utensils,1
streets,2
finger,2
bald,11
badly,1
ran,4
ray,1
missal,1
impoverished,1
shook,1
red,8
shorn,9
short,9
rid,1
shown,2
sparkling,1
seconds,2
songs,2
utterance,1
pencil,1
neatly,1
thine,2
thing,6
think,6
denying,1
prettier,1
meditation,1
dwelling,1
third,3
refinement,1
lappets,1
nuñez,1
politics,1
predicament,1
near,3
neat,1
neck,6
else,6
dwell,1
dwelt,1
axis,1
need,4
cavillation,1
s's,1
beyond,2
apartment,5
turned,6
funeral,1
antonio,1
tightly,1
nest,2
laugh,1
barber,3
quiet,1
scarcely,4
next,2
staked,1
except,4
blades,1
outside,1
continued,2
mounted,2
spread,1
seems,1
outcry,1
without,30
quite,5
quits,1
oval,1
courtesy,1
over,29
harmonious,1
inflaming,1
orchestra,1
compliments,1
prodigies,1
quacks,1
taken,2
measure,2
stomach,1
mothers,1
wretchedly,1
sad,4
san,3
sat,4
saw,21
say,13
round,6
descend,1
descent,1
'all,1
see,21
set,4
sew,1
literary,2
she,148
sir,3
sit,2
beefsteak,1
drain,1
disturbance,2
allowed,2
further,4
drama,6
meantime,1
completed,3
infernal,1
sum,1
sun,1
sciences,1
drawn,2
curls,2
curly,1
congratulate,1
artificial,2
sooth,2
nobody,6
curvets,1
inclined,2
judges,1
obsequies,1
caprice,3
knife,4
native,2
toils,1
repairing,1
within,3
ministry,1
wheedled,1
because,12
asking,1
cousins,1
demeanor,1
dressed,3
patient,1
immense,2
thanking,1
imagining,2
wouldst,3
vaguely,1
stalls,1
dilated,1
skin,4
skip,1
juilon,1
weight,1
unclasping,1
development,2
flutter,1
overheard,1
sleep,1
ripping,1
learning,1
mistaken,5
condemned,1
slept,1
execution,1
glass,3
watching,1
mouthful,2
tap,2
instrument,1
ten,2
sacrificial,1
repair,1
insisted,2
the,914
thy,12
tip,1
listen,3
forth,2
rehearsal,2
finish,1
friendship,1
accord,1
money,7
too,4
top,2
repast,1
try,1
two,22
ends,2
beautiful,11
chasing,1
month,3
coughs,1
reticule,1
feeble,1
chuckle,1
feebly,1
struck,2
gaining,1
tumbling,2
page,1
furrows,1
accordingly,1
paid,4
pair,2
study,1
society,1
likeness,1
stuff,1
consuming,1
resignedly,1
pale,4
palm,2
diminished,1
playing,3
part,10
illustrated,1
artist,1
stump,1
pass,5
past,3
atone,2
bravely,2
streaming,1
necktie,4
paws,1
returning,1
closely,2
therefore,2
agreed,1
fault,2
startling,1
broad,1
